{
"lengthUnit": "mil",
"remark": [],
"components": {
	"fields": ["COMPONENT_NO", "COMPONENT_NAME", "LAYER", "X_COORDINATE", "Y_COORDINATE", "ANGLE"],
	"rows": [
		[1, "C1", "T", 162.874, -405.398, 0],
		[2, "C2", "T", 162.874, -490.994, 0],
		[3, "H1", "T", 160, -715, 180],
		[4, "LED1", "T", 162.874, -274.804, 0],
		[5, "PAD1", "T", 107.752, -274.804, 0],
		[6, "PAD2", "T", 217.992, -274.804, 0],
		[7, "PAD3", "T", 190.434, -490.994, 0],
		[8, "PAD4", "T", 135.314, -490.994, 0],
		[9, "PAD5", "T", 190.434, -405.398, 0],
		[10, "PAD6", "T", 135.314, -405.398, 0],
		[11, "PAD7", "T", 199.37, -590, 0],
		[12, "PAD8", "T", 120.63, -590, 0]
	]
},
"pins": {
	"fields": ["PIN_NO", "PIN_NAME", "PIN_X", "PIN_Y", "LAYER", "PIN_TYPE", "NET_NAME", "NET_TYPE", "PAD_SHAPE", "PAD_SIZEX", "PAD_SIZEY", "HOLE_SIZE", "HOLE_LEN", "PAD_ANGLE"],
	"rows": [
		[1, "C1_1", 135.314, -405.398, "T", "SMD", "$1N294", "", "R", 31.496, 35.433, 0, 0, 0],
		[2, "C1_2", 190.434, -405.398, "T", "SMD", "$1N289", "", "R", 31.496, 35.433, 0, 0, 0],
		[3, "C2_1", 135.314, -490.994, "T", "SMD", "$1N294", "", "R", 31.496, 35.433, 0, 0, 0],
		[4, "C2_2", 190.434, -490.994, "T", "SMD", "$1N289", "", "R", 31.496, 35.433, 0, 0, 0],
		[5, "H1_1", 120.63, -590, "T", "SMD", "$1N294", "", "R", 35.433, 66.929, 0, 0, 180],
		[6, "H1_2", 199.37, -590, "T", "SMD", "$1N289", "", "R", 35.433, 66.929, 0, 0, 180],
		[7, "H1_3", 287.95, -840, "T", "SMD", "NET_1", "", "R", 31.496, 118.11, 0, 0, 180],
		[8, "H1_4", 32.05, -840, "T", "SMD", "NET_2", "", "R", 31.496, 118.11, 0, 0, 180],
		[9, "LED1_1", 217.992, -274.804, "T", "SMD", "$1N289", "", "R", 27.559, 135.827, 0, 0, 180],
		[10, "LED1_2", 107.752, -274.804, "T", "SMD", "$1N294", "", "R", 27.559, 135.827, 0, 0, 180],
		[11, "LED1_3", 162.872, -274.804, "T", "SMD", "NET_3", "", "R", 55.118, 135.827, 0, 0, 180],
		[12, "PAD1_2", 107.752, -274.804, "T", "SMD", "$1N294", "", "R", 27.559, 135.827, 0, 0, 180],
		[13, "PAD2_1", 217.992, -274.804, "T", "SMD", "$1N289", "", "R", 27.559, 135.827, 0, 0, 180],
		[14, "PAD3_2", 190.434, -490.994, "T", "SMD", "$1N289", "", "R", 31.496, 35.433, 0, 0, 0],
		[15, "PAD4_1", 135.314, -490.994, "T", "SMD", "$1N294", "", "R", 31.496, 35.433, 0, 0, 0],
		[16, "PAD5_2", 190.434, -405.398, "T", "SMD", "$1N289", "", "R", 31.496, 35.433, 0, 0, 0],
		[17, "PAD6_1", 135.314, -405.398, "T", "SMD", "$1N294", "", "R", 31.496, 35.433, 0, 0, 0],
		[18, "PAD7_2", 199.37, -590, "T", "SMD", "$1N289", "", "R", 35.433, 66.929, 0, 0, 180],
		[19, "PAD8_1", 120.63, -590, "T", "SMD", "$1N294", "", "R", 35.433, 66.929, 0, 0, 180]
	]
}
}