{
"lengthUnit": "mil",
"remark": [],
"components": {
	"fields": ["COMPONENT_NO", "COMPONENT_NAME", "LAYER", "X_COORDINATE", "Y_COORDINATE", "ANGLE"],
	"rows": [
		[1, "A1", "T", 1655, -105, 270],
		[2, "A2", "T", 115, -55, 180],
		[3, "C0", "T", 1905, -525, 270],
		[4, "C1", "T", 1860, -120, 90],
		[5, "CN1", "T", 2750, -95, 90],
		[6, "D8", "T", 889, -55, 180],
		[7, "D9", "T", 631, -55, 180],
		[8, "D10", "T", 373, -55, 180],
		[9, "I2C", "T", 2545, -210, 270],
		[10, "LED_pwr", "T", 2815, -485, 90],
		[11, "PD", "T", 2170, -850, 0],
		[12, "PWM1", "T", 1405, -55, 180],
		[13, "PWM2", "T", 1147, -55, 180],
		[14, "R0", "T", 1720, -565, 180],
		[15, "R1", "T", 2195, -130, 270],
		[16, "SW1", "T", 2620, -770, 180],
		[17, "U1", "T", 765, -850, 0],
		[18, "U2", "T", 765, -245, 180],
		[19, "U4", "T", 2200, -490, 0],
		[20, "PAD1", "T", 1465, -850, 0],
		[21, "PAD1", "B", 1465, -850, 0],
		[22, "PAD2", "T", 1365, -850, 0],
		[23, "PAD2", "B", 1365, -850, 0],
		[24, "PAD3", "T", 1265, -850, 0],
		[25, "PAD3", "B", 1265, -850, 0],
		[26, "PAD4", "T", 1165, -850, 0],
		[27, "PAD4", "B", 1165, -850, 0],
		[28, "PAD5", "T", 1065, -850, 0],
		[29, "PAD5", "B", 1065, -850, 0],
		[30, "PAD6", "T", 965, -850, 0],
		[31, "PAD6", "B", 965, -850, 0],
		[32, "PAD7", "T", 865, -850, 0],
		[33, "PAD7", "B", 865, -850, 0],
		[34, "PAD8", "T", 765, -850, 0],
		[35, "PAD8", "B", 765, -850, 0],
		[36, "PAD9", "T", 665, -850, 0],
		[37, "PAD9", "B", 665, -850, 0],
		[38, "PAD10", "T", 565, -850, 0],
		[39, "PAD10", "B", 565, -850, 0],
		[40, "PAD11", "T", 465, -850, 0],
		[41, "PAD11", "B", 465, -850, 0],
		[42, "PAD12", "T", 365, -850, 0],
		[43, "PAD12", "B", 365, -850, 0],
		[44, "PAD13", "T", 265, -850, 0],
		[45, "PAD13", "B", 265, -850, 0],
		[46, "PAD14", "T", 165, -850, 0],
		[47, "PAD14", "B", 165, -850, 0],
		[48, "PAD15", "T", 65, -850, 0],
		[49, "PAD15", "B", 65, -850, 0],
		[50, "PAD16", "T", 65, -245, 0],
		[51, "PAD16", "B", 65, -245, 0],
		[52, "PAD17", "T", 165, -245, 0],
		[53, "PAD17", "B", 165, -245, 0],
		[54, "PAD18", "T", 265, -245, 0],
		[55, "PAD18", "B", 265, -245, 0],
		[56, "PAD19", "T", 365, -245, 0],
		[57, "PAD19", "B", 365, -245, 0],
		[58, "PAD20", "T", 465, -245, 0],
		[59, "PAD20", "B", 465, -245, 0],
		[60, "PAD21", "T", 565, -245, 0],
		[61, "PAD21", "B", 565, -245, 0],
		[62, "PAD22", "T", 665, -245, 0],
		[63, "PAD22", "B", 665, -245, 0],
		[64, "PAD23", "T", 765, -245, 0],
		[65, "PAD23", "B", 765, -245, 0],
		[66, "PAD24", "T", 865, -245, 0],
		[67, "PAD24", "B", 865, -245, 0],
		[68, "PAD25", "T", 965, -245, 0],
		[69, "PAD25", "B", 965, -245, 0],
		[70, "PAD26", "T", 1065, -245, 0],
		[71, "PAD26", "B", 1065, -245, 0],
		[72, "PAD27", "T", 1165, -245, 0],
		[73, "PAD27", "B", 1165, -245, 0],
		[74, "PAD28", "T", 1265, -245, 0],
		[75, "PAD28", "B", 1265, -245, 0],
		[76, "PAD29", "T", 1365, -245, 0],
		[77, "PAD29", "B", 1365, -245, 0],
		[78, "PAD30", "T", 1465, -245, 0],
		[79, "PAD30", "B", 1465, -245, 0],
		[80, "PAD31", "T", 1655, -55, 0],
		[81, "PAD31", "B", 1655, -55, 0],
		[82, "PAD32", "T", 1655, -155, 0],
		[83, "PAD32", "B", 1655, -155, 0],
		[84, "PAD33", "T", 165, -55, 0],
		[85, "PAD33", "B", 165, -55, 0],
		[86, "PAD34", "T", 65, -55, 0],
		[87, "PAD34", "B", 65, -55, 0],
		[88, "PAD35", "T", 1905, -426.575, 0],
		[89, "PAD35", "B", 1905, -426.575, 0],
		[90, "PAD36", "T", 1905, -623.425, 0],
		[91, "PAD36", "B", 1905, -623.425, 0],
		[92, "PAD37", "T", 1860, -218.425, 0],
		[93, "PAD37", "B", 1860, -218.425, 0],
		[94, "PAD38", "T", 1860, -21.575, 0],
		[95, "PAD38", "B", 1860, -21.575, 0],
		[96, "PAD39", "T", 939, -55, 0],
		[97, "PAD39", "B", 939, -55, 0],
		[98, "PAD40", "T", 839, -55, 0],
		[99, "PAD40", "B", 839, -55, 0],
		[100, "PAD41", "T", 681, -55, 0],
		[101, "PAD41", "B", 681, -55, 0],
		[102, "PAD42", "T", 581, -55, 0],
		[103, "PAD42", "B", 581, -55, 0],
		[104, "PAD43", "T", 423, -55, 0],
		[105, "PAD43", "B", 423, -55, 0],
		[106, "PAD44", "T", 323, -55, 0],
		[107, "PAD44", "B", 323, -55, 0],
		[108, "PAD45", "T", 2545, -60, 0],
		[109, "PAD45", "B", 2545, -60, 0],
		[110, "PAD46", "T", 2545, -160, 0],
		[111, "PAD46", "B", 2545, -160, 0],
		[112, "PAD47", "T", 2545, -260, 0],
		[113, "PAD47", "B", 2545, -260, 0],
		[114, "PAD48", "T", 2545, -360, 0],
		[115, "PAD48", "B", 2545, -360, 0],
		[116, "PAD49", "T", 2815, -535, 0],
		[117, "PAD49", "B", 2815, -535, 0],
		[118, "PAD50", "T", 2815, -435, 0],
		[119, "PAD50", "B", 2815, -435, 0],
		[120, "PAD51", "T", 1455, -55, 0],
		[121, "PAD51", "B", 1455, -55, 0],
		[122, "PAD52", "T", 1355, -55, 0],
		[123, "PAD52", "B", 1355, -55, 0],
		[124, "PAD53", "T", 1197, -55, 0],
		[125, "PAD53", "B", 1197, -55, 0],
		[126, "PAD54", "T", 1097, -55, 0],
		[127, "PAD54", "B", 1097, -55, 0],
		[128, "PAD55", "T", 1720, -565, 0],
		[129, "PAD55", "B", 1720, -565, 0],
		[130, "PAD56", "T", 1720, -465, 0],
		[131, "PAD56", "B", 1720, -465, 0],
		[132, "PAD57", "T", 2195, -130, 0],
		[133, "PAD57", "B", 2195, -130, 0],
		[134, "PAD58", "T", 2095, -130, 0],
		[135, "PAD58", "B", 2095, -130, 0],
		[136, "PAD59", "T", 2492.05, -858.58, 0],
		[137, "PAD59", "B", 2492.05, -858.58, 0],
		[138, "PAD60", "T", 2747.95, -681.42, 0],
		[139, "PAD60", "B", 2747.95, -681.42, 0],
		[140, "PAD61", "T", 2050, -640, 0],
		[141, "PAD61", "B", 2050, -640, 0],
		[142, "PAD62", "T", 2150, -640, 0],
		[143, "PAD62", "B", 2150, -640, 0],
		[144, "PAD63", "T", 2150, -340, 0],
		[145, "PAD63", "B", 2150, -340, 0],
		[146, "PAD64", "T", 2050, -340, 0],
		[147, "PAD64", "B", 2050, -340, 0],
		[148, "PAD65", "T", 2250, -640, 0],
		[149, "PAD65", "B", 2250, -640, 0],
		[150, "PAD66", "T", 2350, -640, 0],
		[151, "PAD66", "B", 2350, -640, 0],
		[152, "PAD67", "T", 2250, -340, 0],
		[153, "PAD67", "B", 2250, -340, 0],
		[154, "PAD68", "T", 2350, -340, 0],
		[155, "PAD68", "B", 2350, -340, 0],
		[156, "PAD69", "T", 2120, -850, 0],
		[157, "PAD69", "B", 2120, -850, 0],
		[158, "PAD70", "T", 2220, -850, 0],
		[159, "PAD70", "B", 2220, -850, 0],
		[160, "PAD71", "T", 2673.7, -114.68, 0],
		[161, "PAD72", "T", 2673.7, -154.05, 0],
		[162, "PAD73", "T", 2673.72, -35.93, 0],
		[163, "PAD74", "T", 2673.72, -75.3, 0]
	]
},
"pins": {
	"fields": ["PIN_NO", "PIN_NAME", "PIN_X", "PIN_Y", "LAYER", "PIN_TYPE", "NET_NAME", "NET_TYPE", "PAD_SHAPE", "PAD_SIZEX", "PAD_SIZEY", "HOLE_SIZE", "HOLE_LEN", "PAD_ANGLE"],
	"rows": [
		[1, "A1_1", 1655, -55, "T", "DIP", "A1AMP", "", "R", 78.74, 78.74, 47.244, 47.244, 270],
		[2, "A1_1", 1655, -55, "B", "DIP", "A1AMP", "", "R", 78.74, 78.74, 47.244, 47.244, 270],
		[3, "A1_2", 1655, -155, "T", "DIP", "GND", "GND", "C", 78.74, 78.74, 47.244, 47.244, 270],
		[4, "A1_2", 1655, -155, "B", "DIP", "GND", "GND", "C", 78.74, 78.74, 47.244, 47.244, 270],
		[5, "A2_1", 165, -55, "T", "DIP", "A2", "", "R", 78.74, 78.74, 47.244, 47.244, 180],
		[6, "A2_1", 165, -55, "B", "DIP", "A2", "", "R", 78.74, 78.74, 47.244, 47.244, 180],
		[7, "A2_2", 65, -55, "T", "DIP", "GND", "GND", "C", 78.74, 78.74, 47.244, 47.244, 180],
		[8, "A2_2", 65, -55, "B", "DIP", "GND", "GND", "C", 78.74, 78.74, 47.244, 47.244, 180],
		[9, "C0_1", 1905, -426.575, "T", "DIP", "A0", "", "C", 62.992, 62.992, 39.37, 39.37, 270],
		[10, "C0_1", 1905, -426.575, "B", "DIP", "A0", "", "C", 62.992, 62.992, 39.37, 39.37, 270],
		[11, "C0_2", 1905, -623.425, "T", "DIP", "PD", "", "C", 62.992, 62.992, 39.37, 39.37, 270],
		[12, "C0_2", 1905, -623.425, "B", "DIP", "PD", "", "C", 62.992, 62.992, 39.37, 39.37, 270],
		[13, "C1_1", 1860, -218.425, "T", "DIP", "A1", "", "C", 62.992, 62.992, 39.37, 39.37, 90],
		[14, "C1_1", 1860, -218.425, "B", "DIP", "A1", "", "C", 62.992, 62.992, 39.37, 39.37, 90],
		[15, "C1_2", 1860, -21.575, "T", "DIP", "A1AMP", "", "C", 62.992, 62.992, 39.37, 39.37, 90],
		[16, "C1_2", 1860, -21.575, "B", "DIP", "A1AMP", "", "C", 62.992, 62.992, 39.37, 39.37, 90],
		[17, "CN1_1", 2673.7, -154.05, "T", "SMD", "GND", "GND", "R", 23.622, 61.024, 0, 0, 90],
		[18, "CN1_2", 2673.7, -114.68, "T", "SMD", "VCC", "", "R", 23.622, 61.024, 0, 0, 90],
		[19, "CN1_3", 2673.72, -75.3, "T", "SMD", "SDA", "", "R", 23.622, 61.024, 0, 0, 90],
		[20, "CN1_4", 2673.72, -35.93, "T", "SMD", "SCL", "", "R", 23.622, 61.024, 0, 0, 90],
		[21, "CN1_5", 2826.3, 15.24, "T", "SMD", "NET_1", "", "R", 47.244, 70.866, 0, 0, 90],
		[22, "CN1_6", 2826.28, -205.24, "T", "SMD", "NET_2", "", "R", 47.244, 70.866, 0, 0, 90],
		[23, "D8_1", 939, -55, "T", "DIP", "D8", "", "R", 78.74, 78.74, 47.244, 47.244, 180],
		[24, "D8_1", 939, -55, "B", "DIP", "D8", "", "R", 78.74, 78.74, 47.244, 47.244, 180],
		[25, "D8_2", 839, -55, "T", "DIP", "GND", "GND", "C", 78.74, 78.74, 47.244, 47.244, 180],
		[26, "D8_2", 839, -55, "B", "DIP", "GND", "GND", "C", 78.74, 78.74, 47.244, 47.244, 180],
		[27, "D9_1", 681, -55, "T", "DIP", "D9", "", "R", 78.74, 78.74, 47.244, 47.244, 180],
		[28, "D9_1", 681, -55, "B", "DIP", "D9", "", "R", 78.74, 78.74, 47.244, 47.244, 180],
		[29, "D9_2", 581, -55, "T", "DIP", "GND", "GND", "C", 78.74, 78.74, 47.244, 47.244, 180],
		[30, "D9_2", 581, -55, "B", "DIP", "GND", "GND", "C", 78.74, 78.74, 47.244, 47.244, 180],
		[31, "D10_1", 423, -55, "T", "DIP", "D10", "", "R", 78.74, 78.74, 47.244, 47.244, 180],
		[32, "D10_1", 423, -55, "B", "DIP", "D10", "", "R", 78.74, 78.74, 47.244, 47.244, 180],
		[33, "D10_2", 323, -55, "T", "DIP", "GND", "GND", "C", 78.74, 78.74, 47.244, 47.244, 180],
		[34, "D10_2", 323, -55, "B", "DIP", "GND", "GND", "C", 78.74, 78.74, 47.244, 47.244, 180],
		[35, "I2C_1", 2545, -60, "T", "DIP", "SCL", "", "R", 66.929, 66.929, 43.308, 43.308, 270],
		[36, "I2C_1", 2545, -60, "B", "DIP", "SCL", "", "R", 66.929, 66.929, 43.308, 43.308, 270],
		[37, "I2C_2", 2545, -160, "T", "DIP", "SDA", "", "C", 66.929, 66.929, 43.308, 43.308, 270],
		[38, "I2C_2", 2545, -160, "B", "DIP", "SDA", "", "C", 66.929, 66.929, 43.308, 43.308, 270],
		[39, "I2C_3", 2545, -260, "T", "DIP", "VCC", "", "C", 66.929, 66.929, 43.308, 43.308, 270],
		[40, "I2C_3", 2545, -260, "B", "DIP", "VCC", "", "C", 66.929, 66.929, 43.308, 43.308, 270],
		[41, "I2C_4", 2545, -360, "T", "DIP", "GND", "GND", "C", 66.929, 66.929, 43.308, 43.308, 270],
		[42, "I2C_4", 2545, -360, "B", "DIP", "GND", "GND", "C", 66.929, 66.929, 43.308, 43.308, 270],
		[43, "LED_pwr_1", 2815, -535, "T", "DIP", "+5V", "", "R", 78.74, 78.74, 47.244, 47.244, 90],
		[44, "LED_pwr_1", 2815, -535, "B", "DIP", "+5V", "", "R", 78.74, 78.74, 47.244, 47.244, 90],
		[45, "LED_pwr_2", 2815, -435, "T", "DIP", "GND", "GND", "C", 78.74, 78.74, 47.244, 47.244, 90],
		[46, "LED_pwr_2", 2815, -435, "B", "DIP", "GND", "GND", "C", 78.74, 78.74, 47.244, 47.244, 90],
		[47, "PD_1", 2120, -850, "T", "DIP", "PD", "", "R", 78.74, 78.74, 47.244, 47.244, 0],
		[48, "PD_1", 2120, -850, "B", "DIP", "PD", "", "R", 78.74, 78.74, 47.244, 47.244, 0],
		[49, "PD_2", 2220, -850, "T", "DIP", "GND", "GND", "C", 78.74, 78.74, 47.244, 47.244, 0],
		[50, "PD_2", 2220, -850, "B", "DIP", "GND", "GND", "C", 78.74, 78.74, 47.244, 47.244, 0],
		[51, "PWM1_1", 1455, -55, "T", "DIP", "D3", "", "R", 78.74, 78.74, 47.244, 47.244, 180],
		[52, "PWM1_1", 1455, -55, "B", "DIP", "D3", "", "R", 78.74, 78.74, 47.244, 47.244, 180],
		[53, "PWM1_2", 1355, -55, "T", "DIP", "GND", "GND", "C", 78.74, 78.74, 47.244, 47.244, 180],
		[54, "PWM1_2", 1355, -55, "B", "DIP", "GND", "GND", "C", 78.74, 78.74, 47.244, 47.244, 180],
		[55, "PWM2_1", 1197, -55, "T", "DIP", "D5", "", "R", 78.74, 78.74, 47.244, 47.244, 180],
		[56, "PWM2_1", 1197, -55, "B", "DIP", "D5", "", "R", 78.74, 78.74, 47.244, 47.244, 180],
		[57, "PWM2_2", 1097, -55, "T", "DIP", "GND", "GND", "C", 78.74, 78.74, 47.244, 47.244, 180],
		[58, "PWM2_2", 1097, -55, "B", "DIP", "GND", "GND", "C", 78.74, 78.74, 47.244, 47.244, 180],
		[59, "R0_1", 1720, -665, "T", "DIP", "NET_3", "", "C", 60, 60, 30, 30, 90],
		[60, "R0_1", 1720, -665, "B", "DIP", "NET_3", "", "C", 60, 60, 30, 30, 90],
		[61, "R0_2", 1720, -565, "T", "DIP", "PD", "", "C", 60, 60, 30, 30, 90],
		[62, "R0_2", 1720, -565, "B", "DIP", "PD", "", "C", 60, 60, 30, 30, 90],
		[63, "R0_3", 1720, -465, "T", "DIP", "A0", "", "C", 60, 60, 30, 30, 90],
		[64, "R0_3", 1720, -465, "B", "DIP", "A0", "", "C", 60, 60, 30, 30, 90],
		[65, "R1_1", 2295, -130, "T", "DIP", "NET_4", "", "C", 60, 60, 30, 30, 180],
		[66, "R1_1", 2295, -130, "B", "DIP", "NET_4", "", "C", 60, 60, 30, 30, 180],
		[67, "R1_2", 2195, -130, "T", "DIP", "A1AMP", "", "C", 60, 60, 30, 30, 180],
		[68, "R1_2", 2195, -130, "B", "DIP", "A1AMP", "", "C", 60, 60, 30, 30, 180],
		[69, "R1_3", 2095, -130, "T", "DIP", "A1", "", "C", 60, 60, 30, 30, 180],
		[70, "R1_3", 2095, -130, "B", "DIP", "A1", "", "C", 60, 60, 30, 30, 180],
		[71, "SW1_1", 2747.95, -858.58, "T", "DIP", "NET_5", "", "C", 70.866, 70.866, 47.244, 47.244, 180],
		[72, "SW1_1", 2747.95, -858.58, "B", "DIP", "NET_5", "", "C", 70.866, 70.866, 47.244, 47.244, 180],
		[73, "SW1_2", 2492.05, -858.58, "T", "DIP", "D7", "", "C", 70.866, 70.866, 47.244, 47.244, 180],
		[74, "SW1_2", 2492.05, -858.58, "B", "DIP", "D7", "", "C", 70.866, 70.866, 47.244, 47.244, 180],
		[75, "SW1_3", 2747.95, -681.42, "T", "DIP", "GND", "GND", "C", 70.866, 70.866, 47.244, 47.244, 180],
		[76, "SW1_3", 2747.95, -681.42, "B", "DIP", "GND", "GND", "C", 70.866, 70.866, 47.244, 47.244, 180],
		[77, "SW1_4", 2492.05, -681.42, "T", "DIP", "NET_6", "", "C", 70.866, 70.866, 47.244, 47.244, 180],
		[78, "SW1_4", 2492.05, -681.42, "B", "DIP", "NET_6", "", "C", 70.866, 70.866, 47.244, 47.244, 180],
		[79, "U1_1", 65, -850, "T", "DIP", "SCK", "", "R", 66.929, 62, 43.308, 43.308, 0],
		[80, "U1_1", 65, -850, "B", "DIP", "SCK", "", "R", 66.929, 62, 43.308, 43.308, 0],
		[81, "U1_2", 165, -850, "T", "DIP", "VCC", "", "C", 66.929, 66.929, 43.308, 43.308, 0],
		[82, "U1_2", 165, -850, "B", "DIP", "VCC", "", "C", 66.929, 66.929, 43.308, 43.308, 0],
		[83, "U1_3", 265, -850, "T", "DIP", "AREF", "", "C", 66.929, 66.929, 43.308, 43.308, 0],
		[84, "U1_3", 265, -850, "B", "DIP", "AREF", "", "C", 66.929, 66.929, 43.308, 43.308, 0],
		[85, "U1_4", 365, -850, "T", "DIP", "A0", "", "C", 66.929, 66.929, 43.308, 43.308, 0],
		[86, "U1_4", 365, -850, "B", "DIP", "A0", "", "C", 66.929, 66.929, 43.308, 43.308, 0],
		[87, "U1_5", 465, -850, "T", "DIP", "A1", "", "C", 66.929, 66.929, 43.308, 43.308, 0],
		[88, "U1_5", 465, -850, "B", "DIP", "A1", "", "C", 66.929, 66.929, 43.308, 43.308, 0],
		[89, "U1_6", 565, -850, "T", "DIP", "A2", "", "C", 66.929, 66.929, 43.308, 43.308, 0],
		[90, "U1_6", 565, -850, "B", "DIP", "A2", "", "C", 66.929, 66.929, 43.308, 43.308, 0],
		[91, "U1_7", 665, -850, "T", "DIP", "A3", "", "C", 66.929, 66.929, 43.308, 43.308, 0],
		[92, "U1_7", 665, -850, "B", "DIP", "A3", "", "C", 66.929, 66.929, 43.308, 43.308, 0],
		[93, "U1_8", 765, -850, "T", "DIP", "SDA", "", "C", 66.929, 66.929, 43.308, 43.308, 0],
		[94, "U1_8", 765, -850, "B", "DIP", "SDA", "", "C", 66.929, 66.929, 43.308, 43.308, 0],
		[95, "U1_9", 865, -850, "T", "DIP", "SCL", "", "C", 66.929, 66.929, 43.308, 43.308, 0],
		[96, "U1_9", 865, -850, "B", "DIP", "SCL", "", "C", 66.929, 66.929, 43.308, 43.308, 0],
		[97, "U1_10", 965, -850, "T", "DIP", "A6", "", "C", 66.929, 66.929, 43.308, 43.308, 0],
		[98, "U1_10", 965, -850, "B", "DIP", "A6", "", "C", 66.929, 66.929, 43.308, 43.308, 0],
		[99, "U1_11", 1065, -850, "T", "DIP", "A7", "", "C", 66.929, 66.929, 43.308, 43.308, 0],
		[100, "U1_11", 1065, -850, "B", "DIP", "A7", "", "C", 66.929, 66.929, 43.308, 43.308, 0],
		[101, "U1_12", 1165, -850, "T", "DIP", "+5V", "", "C", 66.929, 66.929, 43.308, 43.308, 0],
		[102, "U1_12", 1165, -850, "B", "DIP", "+5V", "", "C", 66.929, 66.929, 43.308, 43.308, 0],
		[103, "U1_13", 1265, -850, "T", "DIP", "RESET_", "", "C", 66.929, 66.929, 43.308, 43.308, 0],
		[104, "U1_13", 1265, -850, "B", "DIP", "RESET_", "", "C", 66.929, 66.929, 43.308, 43.308, 0],
		[105, "U1_14", 1365, -850, "T", "DIP", "GND", "GND", "C", 66.929, 66.929, 43.308, 43.308, 0],
		[106, "U1_14", 1365, -850, "B", "DIP", "GND", "GND", "C", 66.929, 66.929, 43.308, 43.308, 0],
		[107, "U1_15", 1465, -850, "T", "DIP", "VIN", "", "C", 66.929, 66.929, 43.308, 43.308, 0],
		[108, "U1_15", 1465, -850, "B", "DIP", "VIN", "", "C", 66.929, 66.929, 43.308, 43.308, 0],
		[109, "U2_1", 1465, -245, "T", "DIP", "TX", "", "R", 66.929, 62, 43.308, 43.308, 180],
		[110, "U2_1", 1465, -245, "B", "DIP", "TX", "", "R", 66.929, 62, 43.308, 43.308, 180],
		[111, "U2_2", 1365, -245, "T", "DIP", "RX", "", "C", 66.929, 66.929, 43.308, 43.308, 180],
		[112, "U2_2", 1365, -245, "B", "DIP", "RX", "", "C", 66.929, 66.929, 43.308, 43.308, 180],
		[113, "U2_3", 1265, -245, "T", "DIP", "RESET_", "", "C", 66.929, 66.929, 43.308, 43.308, 180],
		[114, "U2_3", 1265, -245, "B", "DIP", "RESET_", "", "C", 66.929, 66.929, 43.308, 43.308, 180],
		[115, "U2_4", 1165, -245, "T", "DIP", "GND", "GND", "C", 66.929, 66.929, 43.308, 43.308, 180],
		[116, "U2_4", 1165, -245, "B", "DIP", "GND", "GND", "C", 66.929, 66.929, 43.308, 43.308, 180],
		[117, "U2_5", 1065, -245, "T", "DIP", "D2", "", "C", 66.929, 66.929, 43.308, 43.308, 180],
		[118, "U2_5", 1065, -245, "B", "DIP", "D2", "", "C", 66.929, 66.929, 43.308, 43.308, 180],
		[119, "U2_6", 965, -245, "T", "DIP", "D3", "", "C", 66.929, 66.929, 43.308, 43.308, 180],
		[120, "U2_6", 965, -245, "B", "DIP", "D3", "", "C", 66.929, 66.929, 43.308, 43.308, 180],
		[121, "U2_7", 865, -245, "T", "DIP", "D4", "", "C", 66.929, 66.929, 43.308, 43.308, 180],
		[122, "U2_7", 865, -245, "B", "DIP", "D4", "", "C", 66.929, 66.929, 43.308, 43.308, 180],
		[123, "U2_8", 765, -245, "T", "DIP", "D5", "", "C", 66.929, 66.929, 43.308, 43.308, 180],
		[124, "U2_8", 765, -245, "B", "DIP", "D5", "", "C", 66.929, 66.929, 43.308, 43.308, 180],
		[125, "U2_9", 665, -245, "T", "DIP", "D6", "", "C", 66.929, 66.929, 43.308, 43.308, 180],
		[126, "U2_9", 665, -245, "B", "DIP", "D6", "", "C", 66.929, 66.929, 43.308, 43.308, 180],
		[127, "U2_10", 565, -245, "T", "DIP", "D7", "", "C", 66.929, 66.929, 43.308, 43.308, 180],
		[128, "U2_10", 565, -245, "B", "DIP", "D7", "", "C", 66.929, 66.929, 43.308, 43.308, 180],
		[129, "U2_11", 465, -245, "T", "DIP", "D8", "", "C", 66.929, 66.929, 43.308, 43.308, 180],
		[130, "U2_11", 465, -245, "B", "DIP", "D8", "", "C", 66.929, 66.929, 43.308, 43.308, 180],
		[131, "U2_12", 365, -245, "T", "DIP", "D9", "", "C", 66.929, 66.929, 43.308, 43.308, 180],
		[132, "U2_12", 365, -245, "B", "DIP", "D9", "", "C", 66.929, 66.929, 43.308, 43.308, 180],
		[133, "U2_13", 265, -245, "T", "DIP", "D10", "", "C", 66.929, 66.929, 43.308, 43.308, 180],
		[134, "U2_13", 265, -245, "B", "DIP", "D10", "", "C", 66.929, 66.929, 43.308, 43.308, 180],
		[135, "U2_14", 165, -245, "T", "DIP", "CIPO", "", "C", 66.929, 66.929, 43.308, 43.308, 180],
		[136, "U2_14", 165, -245, "B", "DIP", "CIPO", "", "C", 66.929, 66.929, 43.308, 43.308, 180],
		[137, "U2_15", 65, -245, "T", "DIP", "COPI", "", "C", 66.929, 66.929, 43.308, 43.308, 180],
		[138, "U2_15", 65, -245, "B", "DIP", "COPI", "", "C", 66.929, 66.929, 43.308, 43.308, 180],
		[139, "U4_1", 2050, -640, "T", "DIP", "A0", "", "C", 70.866, 70.866, 43.308, 43.308, 0],
		[140, "U4_1", 2050, -640, "B", "DIP", "A0", "", "C", 70.866, 70.866, 43.308, 43.308, 0],
		[141, "U4_2", 2150, -640, "T", "DIP", "PD", "", "C", 70.866, 70.866, 43.308, 43.308, 0],
		[142, "U4_2", 2150, -640, "B", "DIP", "PD", "", "C", 70.866, 70.866, 43.308, 43.308, 0],
		[143, "U4_3", 2250, -640, "T", "DIP", "GND", "GND", "C", 70.866, 70.866, 43.308, 43.308, 0],
		[144, "U4_3", 2250, -640, "B", "DIP", "GND", "GND", "C", 70.866, 70.866, 43.308, 43.308, 0],
		[145, "U4_4", 2350, -640, "T", "DIP", "GND", "GND", "C", 70.866, 70.866, 43.308, 43.308, 0],
		[146, "U4_4", 2350, -640, "B", "DIP", "GND", "GND", "C", 70.866, 70.866, 43.308, 43.308, 0],
		[147, "U4_5", 2350, -340, "T", "DIP", "GND", "GND", "C", 70.866, 70.866, 43.308, 43.308, 0],
		[148, "U4_5", 2350, -340, "B", "DIP", "GND", "GND", "C", 70.866, 70.866, 43.308, 43.308, 0],
		[149, "U4_6", 2250, -340, "T", "DIP", "A1AMP", "", "C", 70.866, 70.866, 43.308, 43.308, 0],
		[150, "U4_6", 2250, -340, "B", "DIP", "A1AMP", "", "C", 70.866, 70.866, 43.308, 43.308, 0],
		[151, "U4_7", 2150, -340, "T", "DIP", "A1", "", "C", 70.866, 70.866, 43.308, 43.308, 0],
		[152, "U4_7", 2150, -340, "B", "DIP", "A1", "", "C", 70.866, 70.866, 43.308, 43.308, 0],
		[153, "U4_8", 2050, -340, "T", "DIP", "+5V", "", "C", 70.866, 70.866, 43.308, 43.308, 0],
		[154, "U4_8", 2050, -340, "B", "DIP", "+5V", "", "C", 70.866, 70.866, 43.308, 43.308, 0],
		[155, "PAD1_15", 1465, -850, "T", "DIP", "VIN", "", "C", 66.929, 66.929, 43.308, 43.308, 0],
		[156, "PAD1_15", 1465, -850, "B", "DIP", "VIN", "", "C", 66.929, 66.929, 43.308, 43.308, 0],
		[157, "PAD2_14", 1365, -850, "T", "DIP", "GND", "GND", "C", 66.929, 66.929, 43.308, 43.308, 0],
		[158, "PAD2_14", 1365, -850, "B", "DIP", "GND", "GND", "C", 66.929, 66.929, 43.308, 43.308, 0],
		[159, "PAD3_13", 1265, -850, "T", "DIP", "RESET_", "", "C", 66.929, 66.929, 43.308, 43.308, 0],
		[160, "PAD3_13", 1265, -850, "B", "DIP", "RESET_", "", "C", 66.929, 66.929, 43.308, 43.308, 0],
		[161, "PAD4_12", 1165, -850, "T", "DIP", "+5V", "", "C", 66.929, 66.929, 43.308, 43.308, 0],
		[162, "PAD4_12", 1165, -850, "B", "DIP", "+5V", "", "C", 66.929, 66.929, 43.308, 43.308, 0],
		[163, "PAD5_11", 1065, -850, "T", "DIP", "A7", "", "C", 66.929, 66.929, 43.308, 43.308, 0],
		[164, "PAD5_11", 1065, -850, "B", "DIP", "A7", "", "C", 66.929, 66.929, 43.308, 43.308, 0],
		[165, "PAD6_10", 965, -850, "T", "DIP", "A6", "", "C", 66.929, 66.929, 43.308, 43.308, 0],
		[166, "PAD6_10", 965, -850, "B", "DIP", "A6", "", "C", 66.929, 66.929, 43.308, 43.308, 0],
		[167, "PAD7_9", 865, -850, "T", "DIP", "SCL", "", "C", 66.929, 66.929, 43.308, 43.308, 0],
		[168, "PAD7_9", 865, -850, "B", "DIP", "SCL", "", "C", 66.929, 66.929, 43.308, 43.308, 0],
		[169, "PAD8_8", 765, -850, "T", "DIP", "SDA", "", "C", 66.929, 66.929, 43.308, 43.308, 0],
		[170, "PAD8_8", 765, -850, "B", "DIP", "SDA", "", "C", 66.929, 66.929, 43.308, 43.308, 0],
		[171, "PAD9_7", 665, -850, "T", "DIP", "A3", "", "C", 66.929, 66.929, 43.308, 43.308, 0],
		[172, "PAD9_7", 665, -850, "B", "DIP", "A3", "", "C", 66.929, 66.929, 43.308, 43.308, 0],
		[173, "PAD10_6", 565, -850, "T", "DIP", "A2", "", "C", 66.929, 66.929, 43.308, 43.308, 0],
		[174, "PAD10_6", 565, -850, "B", "DIP", "A2", "", "C", 66.929, 66.929, 43.308, 43.308, 0],
		[175, "PAD11_5", 465, -850, "T", "DIP", "A1", "", "C", 66.929, 66.929, 43.308, 43.308, 0],
		[176, "PAD11_5", 465, -850, "B", "DIP", "A1", "", "C", 66.929, 66.929, 43.308, 43.308, 0],
		[177, "PAD12_4", 365, -850, "T", "DIP", "A0", "", "C", 66.929, 66.929, 43.308, 43.308, 0],
		[178, "PAD12_4", 365, -850, "B", "DIP", "A0", "", "C", 66.929, 66.929, 43.308, 43.308, 0],
		[179, "PAD13_3", 265, -850, "T", "DIP", "AREF", "", "C", 66.929, 66.929, 43.308, 43.308, 0],
		[180, "PAD13_3", 265, -850, "B", "DIP", "AREF", "", "C", 66.929, 66.929, 43.308, 43.308, 0],
		[181, "PAD14_2", 165, -850, "T", "DIP", "VCC", "", "C", 66.929, 66.929, 43.308, 43.308, 0],
		[182, "PAD14_2", 165, -850, "B", "DIP", "VCC", "", "C", 66.929, 66.929, 43.308, 43.308, 0],
		[183, "PAD15_1", 65, -850, "T", "DIP", "SCK", "", "R", 66.929, 62, 43.308, 43.308, 0],
		[184, "PAD15_1", 65, -850, "B", "DIP", "SCK", "", "R", 66.929, 62, 43.308, 43.308, 0],
		[185, "PAD16_15", 65, -245, "T", "DIP", "COPI", "", "C", 66.929, 66.929, 43.308, 43.308, 180],
		[186, "PAD16_15", 65, -245, "B", "DIP", "COPI", "", "C", 66.929, 66.929, 43.308, 43.308, 180],
		[187, "PAD17_14", 165, -245, "T", "DIP", "CIPO", "", "C", 66.929, 66.929, 43.308, 43.308, 180],
		[188, "PAD17_14", 165, -245, "B", "DIP", "CIPO", "", "C", 66.929, 66.929, 43.308, 43.308, 180],
		[189, "PAD18_13", 265, -245, "T", "DIP", "D10", "", "C", 66.929, 66.929, 43.308, 43.308, 180],
		[190, "PAD18_13", 265, -245, "B", "DIP", "D10", "", "C", 66.929, 66.929, 43.308, 43.308, 180],
		[191, "PAD19_12", 365, -245, "T", "DIP", "D9", "", "C", 66.929, 66.929, 43.308, 43.308, 180],
		[192, "PAD19_12", 365, -245, "B", "DIP", "D9", "", "C", 66.929, 66.929, 43.308, 43.308, 180],
		[193, "PAD20_11", 465, -245, "T", "DIP", "D8", "", "C", 66.929, 66.929, 43.308, 43.308, 180],
		[194, "PAD20_11", 465, -245, "B", "DIP", "D8", "", "C", 66.929, 66.929, 43.308, 43.308, 180],
		[195, "PAD21_10", 565, -245, "T", "DIP", "D7", "", "C", 66.929, 66.929, 43.308, 43.308, 180],
		[196, "PAD21_10", 565, -245, "B", "DIP", "D7", "", "C", 66.929, 66.929, 43.308, 43.308, 180],
		[197, "PAD22_9", 665, -245, "T", "DIP", "D6", "", "C", 66.929, 66.929, 43.308, 43.308, 180],
		[198, "PAD22_9", 665, -245, "B", "DIP", "D6", "", "C", 66.929, 66.929, 43.308, 43.308, 180],
		[199, "PAD23_8", 765, -245, "T", "DIP", "D5", "", "C", 66.929, 66.929, 43.308, 43.308, 180],
		[200, "PAD23_8", 765, -245, "B", "DIP", "D5", "", "C", 66.929, 66.929, 43.308, 43.308, 180],
		[201, "PAD24_7", 865, -245, "T", "DIP", "D4", "", "C", 66.929, 66.929, 43.308, 43.308, 180],
		[202, "PAD24_7", 865, -245, "B", "DIP", "D4", "", "C", 66.929, 66.929, 43.308, 43.308, 180],
		[203, "PAD25_6", 965, -245, "T", "DIP", "D3", "", "C", 66.929, 66.929, 43.308, 43.308, 180],
		[204, "PAD25_6", 965, -245, "B", "DIP", "D3", "", "C", 66.929, 66.929, 43.308, 43.308, 180],
		[205, "PAD26_5", 1065, -245, "T", "DIP", "D2", "", "C", 66.929, 66.929, 43.308, 43.308, 180],
		[206, "PAD26_5", 1065, -245, "B", "DIP", "D2", "", "C", 66.929, 66.929, 43.308, 43.308, 180],
		[207, "PAD27_4", 1165, -245, "T", "DIP", "GND", "GND", "C", 66.929, 66.929, 43.308, 43.308, 180],
		[208, "PAD27_4", 1165, -245, "B", "DIP", "GND", "GND", "C", 66.929, 66.929, 43.308, 43.308, 180],
		[209, "PAD28_3", 1265, -245, "T", "DIP", "RESET_", "", "C", 66.929, 66.929, 43.308, 43.308, 180],
		[210, "PAD28_3", 1265, -245, "B", "DIP", "RESET_", "", "C", 66.929, 66.929, 43.308, 43.308, 180],
		[211, "PAD29_2", 1365, -245, "T", "DIP", "RX", "", "C", 66.929, 66.929, 43.308, 43.308, 180],
		[212, "PAD29_2", 1365, -245, "B", "DIP", "RX", "", "C", 66.929, 66.929, 43.308, 43.308, 180],
		[213, "PAD30_1", 1465, -245, "T", "DIP", "TX", "", "R", 66.929, 62, 43.308, 43.308, 180],
		[214, "PAD30_1", 1465, -245, "B", "DIP", "TX", "", "R", 66.929, 62, 43.308, 43.308, 180],
		[215, "PAD31_1", 1655, -55, "T", "DIP", "A1AMP", "", "R", 78.74, 78.74, 47.244, 47.244, 270],
		[216, "PAD31_1", 1655, -55, "B", "DIP", "A1AMP", "", "R", 78.74, 78.74, 47.244, 47.244, 270],
		[217, "PAD32_2", 1655, -155, "T", "DIP", "GND", "GND", "C", 78.74, 78.74, 47.244, 47.244, 270],
		[218, "PAD32_2", 1655, -155, "B", "DIP", "GND", "GND", "C", 78.74, 78.74, 47.244, 47.244, 270],
		[219, "PAD33_1", 165, -55, "T", "DIP", "A2", "", "R", 78.74, 78.74, 47.244, 47.244, 180],
		[220, "PAD33_1", 165, -55, "B", "DIP", "A2", "", "R", 78.74, 78.74, 47.244, 47.244, 180],
		[221, "PAD34_2", 65, -55, "T", "DIP", "GND", "GND", "C", 78.74, 78.74, 47.244, 47.244, 180],
		[222, "PAD34_2", 65, -55, "B", "DIP", "GND", "GND", "C", 78.74, 78.74, 47.244, 47.244, 180],
		[223, "PAD35_1", 1905, -426.575, "T", "DIP", "A0", "", "C", 62.992, 62.992, 39.37, 39.37, 270],
		[224, "PAD35_1", 1905, -426.575, "B", "DIP", "A0", "", "C", 62.992, 62.992, 39.37, 39.37, 270],
		[225, "PAD36_2", 1905, -623.425, "T", "DIP", "PD", "", "C", 62.992, 62.992, 39.37, 39.37, 270],
		[226, "PAD36_2", 1905, -623.425, "B", "DIP", "PD", "", "C", 62.992, 62.992, 39.37, 39.37, 270],
		[227, "PAD37_1", 1860, -218.425, "T", "DIP", "A1", "", "C", 62.992, 62.992, 39.37, 39.37, 90],
		[228, "PAD37_1", 1860, -218.425, "B", "DIP", "A1", "", "C", 62.992, 62.992, 39.37, 39.37, 90],
		[229, "PAD38_2", 1860, -21.575, "T", "DIP", "A1AMP", "", "C", 62.992, 62.992, 39.37, 39.37, 90],
		[230, "PAD38_2", 1860, -21.575, "B", "DIP", "A1AMP", "", "C", 62.992, 62.992, 39.37, 39.37, 90],
		[231, "PAD39_1", 939, -55, "T", "DIP", "D8", "", "R", 78.74, 78.74, 47.244, 47.244, 180],
		[232, "PAD39_1", 939, -55, "B", "DIP", "D8", "", "R", 78.74, 78.74, 47.244, 47.244, 180],
		[233, "PAD40_2", 839, -55, "T", "DIP", "GND", "GND", "C", 78.74, 78.74, 47.244, 47.244, 180],
		[234, "PAD40_2", 839, -55, "B", "DIP", "GND", "GND", "C", 78.74, 78.74, 47.244, 47.244, 180],
		[235, "PAD41_1", 681, -55, "T", "DIP", "D9", "", "R", 78.74, 78.74, 47.244, 47.244, 180],
		[236, "PAD41_1", 681, -55, "B", "DIP", "D9", "", "R", 78.74, 78.74, 47.244, 47.244, 180],
		[237, "PAD42_2", 581, -55, "T", "DIP", "GND", "GND", "C", 78.74, 78.74, 47.244, 47.244, 180],
		[238, "PAD42_2", 581, -55, "B", "DIP", "GND", "GND", "C", 78.74, 78.74, 47.244, 47.244, 180],
		[239, "PAD43_1", 423, -55, "T", "DIP", "D10", "", "R", 78.74, 78.74, 47.244, 47.244, 180],
		[240, "PAD43_1", 423, -55, "B", "DIP", "D10", "", "R", 78.74, 78.74, 47.244, 47.244, 180],
		[241, "PAD44_2", 323, -55, "T", "DIP", "GND", "GND", "C", 78.74, 78.74, 47.244, 47.244, 180],
		[242, "PAD44_2", 323, -55, "B", "DIP", "GND", "GND", "C", 78.74, 78.74, 47.244, 47.244, 180],
		[243, "PAD45_1", 2545, -60, "T", "DIP", "SCL", "", "R", 66.929, 66.929, 43.308, 43.308, 270],
		[244, "PAD45_1", 2545, -60, "B", "DIP", "SCL", "", "R", 66.929, 66.929, 43.308, 43.308, 270],
		[245, "PAD46_2", 2545, -160, "T", "DIP", "SDA", "", "C", 66.929, 66.929, 43.308, 43.308, 270],
		[246, "PAD46_2", 2545, -160, "B", "DIP", "SDA", "", "C", 66.929, 66.929, 43.308, 43.308, 270],
		[247, "PAD47_3", 2545, -260, "T", "DIP", "VCC", "", "C", 66.929, 66.929, 43.308, 43.308, 270],
		[248, "PAD47_3", 2545, -260, "B", "DIP", "VCC", "", "C", 66.929, 66.929, 43.308, 43.308, 270],
		[249, "PAD48_4", 2545, -360, "T", "DIP", "GND", "GND", "C", 66.929, 66.929, 43.308, 43.308, 270],
		[250, "PAD48_4", 2545, -360, "B", "DIP", "GND", "GND", "C", 66.929, 66.929, 43.308, 43.308, 270],
		[251, "PAD49_1", 2815, -535, "T", "DIP", "+5V", "", "R", 78.74, 78.74, 47.244, 47.244, 90],
		[252, "PAD49_1", 2815, -535, "B", "DIP", "+5V", "", "R", 78.74, 78.74, 47.244, 47.244, 90],
		[253, "PAD50_2", 2815, -435, "T", "DIP", "GND", "GND", "C", 78.74, 78.74, 47.244, 47.244, 90],
		[254, "PAD50_2", 2815, -435, "B", "DIP", "GND", "GND", "C", 78.74, 78.74, 47.244, 47.244, 90],
		[255, "PAD51_1", 1455, -55, "T", "DIP", "D3", "", "R", 78.74, 78.74, 47.244, 47.244, 180],
		[256, "PAD51_1", 1455, -55, "B", "DIP", "D3", "", "R", 78.74, 78.74, 47.244, 47.244, 180],
		[257, "PAD52_2", 1355, -55, "T", "DIP", "GND", "GND", "C", 78.74, 78.74, 47.244, 47.244, 180],
		[258, "PAD52_2", 1355, -55, "B", "DIP", "GND", "GND", "C", 78.74, 78.74, 47.244, 47.244, 180],
		[259, "PAD53_1", 1197, -55, "T", "DIP", "D5", "", "R", 78.74, 78.74, 47.244, 47.244, 180],
		[260, "PAD53_1", 1197, -55, "B", "DIP", "D5", "", "R", 78.74, 78.74, 47.244, 47.244, 180],
		[261, "PAD54_2", 1097, -55, "T", "DIP", "GND", "GND", "C", 78.74, 78.74, 47.244, 47.244, 180],
		[262, "PAD54_2", 1097, -55, "B", "DIP", "GND", "GND", "C", 78.74, 78.74, 47.244, 47.244, 180],
		[263, "PAD55_2", 1720, -565, "T", "DIP", "PD", "", "C", 60, 60, 30, 30, 90],
		[264, "PAD55_2", 1720, -565, "B", "DIP", "PD", "", "C", 60, 60, 30, 30, 90],
		[265, "PAD56_3", 1720, -465, "T", "DIP", "A0", "", "C", 60, 60, 30, 30, 90],
		[266, "PAD56_3", 1720, -465, "B", "DIP", "A0", "", "C", 60, 60, 30, 30, 90],
		[267, "PAD57_2", 2195, -130, "T", "DIP", "A1AMP", "", "C", 60, 60, 30, 30, 180],
		[268, "PAD57_2", 2195, -130, "B", "DIP", "A1AMP", "", "C", 60, 60, 30, 30, 180],
		[269, "PAD58_3", 2095, -130, "T", "DIP", "A1", "", "C", 60, 60, 30, 30, 180],
		[270, "PAD58_3", 2095, -130, "B", "DIP", "A1", "", "C", 60, 60, 30, 30, 180],
		[271, "PAD59_2", 2492.05, -858.58, "T", "DIP", "D7", "", "C", 70.866, 70.866, 47.244, 47.244, 180],
		[272, "PAD59_2", 2492.05, -858.58, "B", "DIP", "D7", "", "C", 70.866, 70.866, 47.244, 47.244, 180],
		[273, "PAD60_3", 2747.95, -681.42, "T", "DIP", "GND", "GND", "C", 70.866, 70.866, 47.244, 47.244, 180],
		[274, "PAD60_3", 2747.95, -681.42, "B", "DIP", "GND", "GND", "C", 70.866, 70.866, 47.244, 47.244, 180],
		[275, "PAD61_1", 2050, -640, "T", "DIP", "A0", "", "C", 70.866, 70.866, 43.308, 43.308, 0],
		[276, "PAD61_1", 2050, -640, "B", "DIP", "A0", "", "C", 70.866, 70.866, 43.308, 43.308, 0],
		[277, "PAD62_2", 2150, -640, "T", "DIP", "PD", "", "C", 70.866, 70.866, 43.308, 43.308, 0],
		[278, "PAD62_2", 2150, -640, "B", "DIP", "PD", "", "C", 70.866, 70.866, 43.308, 43.308, 0],
		[279, "PAD63_7", 2150, -340, "T", "DIP", "A1", "", "C", 70.866, 70.866, 43.308, 43.308, 0],
		[280, "PAD63_7", 2150, -340, "B", "DIP", "A1", "", "C", 70.866, 70.866, 43.308, 43.308, 0],
		[281, "PAD64_8", 2050, -340, "T", "DIP", "+5V", "", "C", 70.866, 70.866, 43.308, 43.308, 0],
		[282, "PAD64_8", 2050, -340, "B", "DIP", "+5V", "", "C", 70.866, 70.866, 43.308, 43.308, 0],
		[283, "PAD65_3", 2250, -640, "T", "DIP", "GND", "GND", "C", 70.866, 70.866, 43.308, 43.308, 0],
		[284, "PAD65_3", 2250, -640, "B", "DIP", "GND", "GND", "C", 70.866, 70.866, 43.308, 43.308, 0],
		[285, "PAD66_4", 2350, -640, "T", "DIP", "GND", "GND", "C", 70.866, 70.866, 43.308, 43.308, 0],
		[286, "PAD66_4", 2350, -640, "B", "DIP", "GND", "GND", "C", 70.866, 70.866, 43.308, 43.308, 0],
		[287, "PAD67_6", 2250, -340, "T", "DIP", "A1AMP", "", "C", 70.866, 70.866, 43.308, 43.308, 0],
		[288, "PAD67_6", 2250, -340, "B", "DIP", "A1AMP", "", "C", 70.866, 70.866, 43.308, 43.308, 0],
		[289, "PAD68_5", 2350, -340, "T", "DIP", "GND", "GND", "C", 70.866, 70.866, 43.308, 43.308, 0],
		[290, "PAD68_5", 2350, -340, "B", "DIP", "GND", "GND", "C", 70.866, 70.866, 43.308, 43.308, 0],
		[291, "PAD69_1", 2120, -850, "T", "DIP", "PD", "", "R", 78.74, 78.74, 47.244, 47.244, 0],
		[292, "PAD69_1", 2120, -850, "B", "DIP", "PD", "", "R", 78.74, 78.74, 47.244, 47.244, 0],
		[293, "PAD70_2", 2220, -850, "T", "DIP", "GND", "GND", "C", 78.74, 78.74, 47.244, 47.244, 0],
		[294, "PAD70_2", 2220, -850, "B", "DIP", "GND", "GND", "C", 78.74, 78.74, 47.244, 47.244, 0],
		[295, "PAD71_2", 2673.7, -114.68, "T", "SMD", "VCC", "", "R", 23.622, 61.024, 0, 0, 90],
		[296, "PAD72_1", 2673.7, -154.05, "T", "SMD", "GND", "GND", "R", 23.622, 61.024, 0, 0, 90],
		[297, "PAD73_4", 2673.72, -35.93, "T", "SMD", "SCL", "", "R", 23.622, 61.024, 0, 0, 90],
		[298, "PAD74_3", 2673.72, -75.3, "T", "SMD", "SDA", "", "R", 23.622, 61.024, 0, 0, 90]
	]
}
}