{
"lengthUnit": "mil",
"remark": [],
"components": {
	"fields": ["COMPONENT_NO", "COMPONENT_NAME", "LAYER", "X_COORDINATE", "Y_COORDINATE", "ANGLE"],
	"rows": [
		[1, "128x32", "T", 55, -220, 90],
		[2, "128x64", "T", 680, 55, 0],
		[3, "Blank", "T", 1920, -325, 180],
		[4, "Blank1", "T", 2035, 20, 90],
		[5, "Board", "T", 2560, -250, 90],
		[6, "R1", "T", 2365, -220, 90],
		[7, "R2", "T", 2190, -215, 90],
		[8, "PAD1", "T", 2560, -400, 0],
		[9, "PAD1", "B", 2560, -400, 0],
		[10, "PAD2", "T", 2560, -300, 0],
		[11, "PAD2", "B", 2560, -300, 0],
		[12, "PAD3", "T", 2560, -200, 0],
		[13, "PAD3", "B", 2560, -200, 0],
		[14, "PAD4", "T", 2560, -100, 0],
		[15, "PAD4", "B", 2560, -100, 0],
		[16, "PAD5", "T", 530, 55, 0],
		[17, "PAD5", "B", 530, 55, 0],
		[18, "PAD6", "T", 630, 55, 0],
		[19, "PAD6", "B", 630, 55, 0],
		[20, "PAD7", "T", 730, 55, 0],
		[21, "PAD7", "B", 730, 55, 0],
		[22, "PAD8", "T", 830, 55, 0],
		[23, "PAD8", "B", 830, 55, 0],
		[24, "PAD9", "T", 55, -370, 0],
		[25, "PAD9", "B", 55, -370, 0],
		[26, "PAD10", "T", 55, -270, 0],
		[27, "PAD10", "B", 55, -270, 0],
		[28, "PAD11", "T", 55, -170, 0],
		[29, "PAD11", "B", 55, -170, 0],
		[30, "PAD12", "T", 55, -70, 0],
		[31, "PAD12", "B", 55, -70, 0],
		[32, "PAD13", "T", 2035, -30, 0],
		[33, "PAD13", "B", 2035, -30, 0],
		[34, "PAD14", "T", 2035, 70, 0],
		[35, "PAD14", "B", 2035, 70, 0],
		[36, "PAD15", "T", 2365, -426.695, 0],
		[37, "PAD15", "B", 2365, -426.695, 0],
		[38, "PAD16", "T", 2365, -13.305, 0],
		[39, "PAD16", "B", 2365, -13.305, 0],
		[40, "PAD17", "T", 2190, -421.695, 0],
		[41, "PAD17", "B", 2190, -421.695, 0],
		[42, "PAD18", "T", 2190, -8.305, 0],
		[43, "PAD18", "B", 2190, -8.305, 0],
		[44, "PAD19", "T", 1792.05, -413.58, 0],
		[45, "PAD19", "B", 1792.05, -413.58, 0],
		[46, "PAD20", "T", 2047.95, -236.42, 0],
		[47, "PAD20", "B", 2047.95, -236.42, 0]
	]
},
"pins": {
	"fields": ["PIN_NO", "PIN_NAME", "PIN_X", "PIN_Y", "LAYER", "PIN_TYPE", "NET_NAME", "NET_TYPE", "PAD_SHAPE", "PAD_SIZEX", "PAD_SIZEY", "HOLE_SIZE", "HOLE_LEN", "PAD_ANGLE"],
	"rows": [
		[1, "128x32_1", 55, -370, "T", "DIP", "GND", "GND", "R", 66.929, 66.929, 43.308, 43.308, 90],
		[2, "128x32_1", 55, -370, "B", "DIP", "GND", "GND", "R", 66.929, 66.929, 43.308, 43.308, 90],
		[3, "128x32_2", 55, -270, "T", "DIP", "VCC", "", "C", 66.929, 66.929, 43.308, 43.308, 90],
		[4, "128x32_2", 55, -270, "B", "DIP", "VCC", "", "C", 66.929, 66.929, 43.308, 43.308, 90],
		[5, "128x32_3", 55, -170, "T", "DIP", "SCK", "", "C", 66.929, 66.929, 43.308, 43.308, 90],
		[6, "128x32_3", 55, -170, "B", "DIP", "SCK", "", "C", 66.929, 66.929, 43.308, 43.308, 90],
		[7, "128x32_4", 55, -70, "T", "DIP", "SDA", "", "C", 66.929, 66.929, 43.308, 43.308, 90],
		[8, "128x32_4", 55, -70, "B", "DIP", "SDA", "", "C", 66.929, 66.929, 43.308, 43.308, 90],
		[9, "128x64_1", 530, 55, "T", "DIP", "GND", "GND", "R", 66.929, 66.929, 43.308, 43.308, 0],
		[10, "128x64_1", 530, 55, "B", "DIP", "GND", "GND", "R", 66.929, 66.929, 43.308, 43.308, 0],
		[11, "128x64_2", 630, 55, "T", "DIP", "VCC", "", "C", 66.929, 66.929, 43.308, 43.308, 0],
		[12, "128x64_2", 630, 55, "B", "DIP", "VCC", "", "C", 66.929, 66.929, 43.308, 43.308, 0],
		[13, "128x64_3", 730, 55, "T", "DIP", "SCK", "", "C", 66.929, 66.929, 43.308, 43.308, 0],
		[14, "128x64_3", 730, 55, "B", "DIP", "SCK", "", "C", 66.929, 66.929, 43.308, 43.308, 0],
		[15, "128x64_4", 830, 55, "T", "DIP", "SDA", "", "C", 66.929, 66.929, 43.308, 43.308, 0],
		[16, "128x64_4", 830, 55, "B", "DIP", "SDA", "", "C", 66.929, 66.929, 43.308, 43.308, 0],
		[17, "Blank_1", 2047.95, -413.58, "T", "DIP", "NET_1", "", "C", 70.866, 70.866, 47.244, 47.244, 180],
		[18, "Blank_1", 2047.95, -413.58, "B", "DIP", "NET_1", "", "C", 70.866, 70.866, 47.244, 47.244, 180],
		[19, "Blank_2", 1792.05, -413.58, "T", "DIP", "BLANK", "", "C", 70.866, 70.866, 47.244, 47.244, 180],
		[20, "Blank_2", 1792.05, -413.58, "B", "DIP", "BLANK", "", "C", 70.866, 70.866, 47.244, 47.244, 180],
		[21, "Blank_3", 2047.95, -236.42, "T", "DIP", "GND", "GND", "C", 70.866, 70.866, 47.244, 47.244, 180],
		[22, "Blank_3", 2047.95, -236.42, "B", "DIP", "GND", "GND", "C", 70.866, 70.866, 47.244, 47.244, 180],
		[23, "Blank_4", 1792.05, -236.42, "T", "DIP", "NET_2", "", "C", 70.866, 70.866, 47.244, 47.244, 180],
		[24, "Blank_4", 1792.05, -236.42, "B", "DIP", "NET_2", "", "C", 70.866, 70.866, 47.244, 47.244, 180],
		[25, "Blank1_1", 2035, -30, "T", "DIP", "BLANK", "", "R", 78.74, 78.74, 47.244, 47.244, 90],
		[26, "Blank1_1", 2035, -30, "B", "DIP", "BLANK", "", "R", 78.74, 78.74, 47.244, 47.244, 90],
		[27, "Blank1_2", 2035, 70, "T", "DIP", "GND", "GND", "C", 78.74, 78.74, 47.244, 47.244, 90],
		[28, "Blank1_2", 2035, 70, "B", "DIP", "GND", "GND", "C", 78.74, 78.74, 47.244, 47.244, 90],
		[29, "Board_1", 2560, -400, "T", "DIP", "GND", "GND", "R", 66.929, 66.929, 43.308, 43.308, 90],
		[30, "Board_1", 2560, -400, "B", "DIP", "GND", "GND", "R", 66.929, 66.929, 43.308, 43.308, 90],
		[31, "Board_2", 2560, -300, "T", "DIP", "VCC", "", "C", 66.929, 66.929, 43.308, 43.308, 90],
		[32, "Board_2", 2560, -300, "B", "DIP", "VCC", "", "C", 66.929, 66.929, 43.308, 43.308, 90],
		[33, "Board_3", 2560, -200, "T", "DIP", "SDA", "", "C", 66.929, 66.929, 43.308, 43.308, 90],
		[34, "Board_3", 2560, -200, "B", "DIP", "SDA", "", "C", 66.929, 66.929, 43.308, 43.308, 90],
		[35, "Board_4", 2560, -100, "T", "DIP", "SCK", "", "C", 66.929, 66.929, 43.308, 43.308, 90],
		[36, "Board_4", 2560, -100, "B", "DIP", "SCK", "", "C", 66.929, 66.929, 43.308, 43.308, 90],
		[37, "R1_1", 2365, -426.695, "T", "DIP", "SCK", "", "C", 62.992, 62.992, 36, 36, 90],
		[38, "R1_1", 2365, -426.695, "B", "DIP", "SCK", "", "C", 62.992, 62.992, 36, 36, 90],
		[39, "R1_2", 2365, -13.305, "T", "DIP", "VCC", "", "C", 62.992, 62.992, 36, 36, 90],
		[40, "R1_2", 2365, -13.305, "B", "DIP", "VCC", "", "C", 62.992, 62.992, 36, 36, 90],
		[41, "R2_1", 2190, -421.695, "T", "DIP", "SDA", "", "C", 62.992, 62.992, 36, 36, 90],
		[42, "R2_1", 2190, -421.695, "B", "DIP", "SDA", "", "C", 62.992, 62.992, 36, 36, 90],
		[43, "R2_2", 2190, -8.305, "T", "DIP", "VCC", "", "C", 62.992, 62.992, 36, 36, 90],
		[44, "R2_2", 2190, -8.305, "B", "DIP", "VCC", "", "C", 62.992, 62.992, 36, 36, 90],
		[45, "PAD1_1", 2560, -400, "T", "DIP", "GND", "GND", "R", 66.929, 66.929, 43.308, 43.308, 90],
		[46, "PAD1_1", 2560, -400, "B", "DIP", "GND", "GND", "R", 66.929, 66.929, 43.308, 43.308, 90],
		[47, "PAD2_2", 2560, -300, "T", "DIP", "VCC", "", "C", 66.929, 66.929, 43.308, 43.308, 90],
		[48, "PAD2_2", 2560, -300, "B", "DIP", "VCC", "", "C", 66.929, 66.929, 43.308, 43.308, 90],
		[49, "PAD3_3", 2560, -200, "T", "DIP", "SDA", "", "C", 66.929, 66.929, 43.308, 43.308, 90],
		[50, "PAD3_3", 2560, -200, "B", "DIP", "SDA", "", "C", 66.929, 66.929, 43.308, 43.308, 90],
		[51, "PAD4_4", 2560, -100, "T", "DIP", "SCK", "", "C", 66.929, 66.929, 43.308, 43.308, 90],
		[52, "PAD4_4", 2560, -100, "B", "DIP", "SCK", "", "C", 66.929, 66.929, 43.308, 43.308, 90],
		[53, "PAD5_1", 530, 55, "T", "DIP", "GND", "GND", "R", 66.929, 66.929, 43.308, 43.308, 0],
		[54, "PAD5_1", 530, 55, "B", "DIP", "GND", "GND", "R", 66.929, 66.929, 43.308, 43.308, 0],
		[55, "PAD6_2", 630, 55, "T", "DIP", "VCC", "", "C", 66.929, 66.929, 43.308, 43.308, 0],
		[56, "PAD6_2", 630, 55, "B", "DIP", "VCC", "", "C", 66.929, 66.929, 43.308, 43.308, 0],
		[57, "PAD7_3", 730, 55, "T", "DIP", "SCK", "", "C", 66.929, 66.929, 43.308, 43.308, 0],
		[58, "PAD7_3", 730, 55, "B", "DIP", "SCK", "", "C", 66.929, 66.929, 43.308, 43.308, 0],
		[59, "PAD8_4", 830, 55, "T", "DIP", "SDA", "", "C", 66.929, 66.929, 43.308, 43.308, 0],
		[60, "PAD8_4", 830, 55, "B", "DIP", "SDA", "", "C", 66.929, 66.929, 43.308, 43.308, 0],
		[61, "PAD9_1", 55, -370, "T", "DIP", "GND", "GND", "R", 66.929, 66.929, 43.308, 43.308, 90],
		[62, "PAD9_1", 55, -370, "B", "DIP", "GND", "GND", "R", 66.929, 66.929, 43.308, 43.308, 90],
		[63, "PAD10_2", 55, -270, "T", "DIP", "VCC", "", "C", 66.929, 66.929, 43.308, 43.308, 90],
		[64, "PAD10_2", 55, -270, "B", "DIP", "VCC", "", "C", 66.929, 66.929, 43.308, 43.308, 90],
		[65, "PAD11_3", 55, -170, "T", "DIP", "SCK", "", "C", 66.929, 66.929, 43.308, 43.308, 90],
		[66, "PAD11_3", 55, -170, "B", "DIP", "SCK", "", "C", 66.929, 66.929, 43.308, 43.308, 90],
		[67, "PAD12_4", 55, -70, "T", "DIP", "SDA", "", "C", 66.929, 66.929, 43.308, 43.308, 90],
		[68, "PAD12_4", 55, -70, "B", "DIP", "SDA", "", "C", 66.929, 66.929, 43.308, 43.308, 90],
		[69, "PAD13_1", 2035, -30, "T", "DIP", "BLANK", "", "R", 78.74, 78.74, 47.244, 47.244, 90],
		[70, "PAD13_1", 2035, -30, "B", "DIP", "BLANK", "", "R", 78.74, 78.74, 47.244, 47.244, 90],
		[71, "PAD14_2", 2035, 70, "T", "DIP", "GND", "GND", "C", 78.74, 78.74, 47.244, 47.244, 90],
		[72, "PAD14_2", 2035, 70, "B", "DIP", "GND", "GND", "C", 78.74, 78.74, 47.244, 47.244, 90],
		[73, "PAD15_1", 2365, -426.695, "T", "DIP", "SCK", "", "C", 62.992, 62.992, 36, 36, 90],
		[74, "PAD15_1", 2365, -426.695, "B", "DIP", "SCK", "", "C", 62.992, 62.992, 36, 36, 90],
		[75, "PAD16_2", 2365, -13.305, "T", "DIP", "VCC", "", "C", 62.992, 62.992, 36, 36, 90],
		[76, "PAD16_2", 2365, -13.305, "B", "DIP", "VCC", "", "C", 62.992, 62.992, 36, 36, 90],
		[77, "PAD17_1", 2190, -421.695, "T", "DIP", "SDA", "", "C", 62.992, 62.992, 36, 36, 90],
		[78, "PAD17_1", 2190, -421.695, "B", "DIP", "SDA", "", "C", 62.992, 62.992, 36, 36, 90],
		[79, "PAD18_2", 2190, -8.305, "T", "DIP", "VCC", "", "C", 62.992, 62.992, 36, 36, 90],
		[80, "PAD18_2", 2190, -8.305, "B", "DIP", "VCC", "", "C", 62.992, 62.992, 36, 36, 90],
		[81, "PAD19_2", 1792.05, -413.58, "T", "DIP", "BLANK", "", "C", 70.866, 70.866, 47.244, 47.244, 180],
		[82, "PAD19_2", 1792.05, -413.58, "B", "DIP", "BLANK", "", "C", 70.866, 70.866, 47.244, 47.244, 180],
		[83, "PAD20_3", 2047.95, -236.42, "T", "DIP", "GND", "GND", "C", 70.866, 70.866, 47.244, 47.244, 180],
		[84, "PAD20_3", 2047.95, -236.42, "B", "DIP", "GND", "GND", "C", 70.866, 70.866, 47.244, 47.244, 180]
	]
}
}